year,month,GS10,SP500_TR,CPI
1871,1,5.32,,12.46406116
1871,2,5.32333333333333,0.01839339,12.84464132
1871,3,5.32666666666667,0.02925926,13.0349719
1871,4,5.33,0.03289949,12.55922645
1871,5,5.33333333333333,0.02988748,12.27381157
1871,6,5.33666666666667,-0.00377229,12.08348099
1871,7,5.34,-0.01417704,12.08348099
1871,8,5.34333333333333,0.01726568,11.8932314
1871,9,5.34666666666667,0.01496173,12.17864628
1871,10,5.35,-0.04717631,12.36889587
1871,11,5.35333333333333,0.01561365,12.36889587
1871,12,5.35666666666667,0.02622126,12.65439174
1872,1,5.36,0.0299455,12.65439174
1872,2,5.37833333333333,0.00868827,12.65439174
1872,3,5.39666666666667,0.03739754,12.84464132
1872,4,5.415,0.03229663,13.13013719
1872,5,5.43333333333333,0.00445142,13.13013719
1872,6,5.45166666666667,-0.00514801,13.0349719
1872,7,5.47,-0.00124594,12.84464132
1872,8,5.48833333333333,-0.00708007,12.93980661
1872,9,5.50666666666667,-0.01306217,13.0349719
1872,10,5.525,0.00897811,12.74947603
1872,11,5.54333333333333,0.0009507,13.13013719
1872,12,5.56166666666667,0.02929293,12.93980661
1873,1,5.58,0.0128616,12.93980661
1873,2,5.57083333333333,0.0128017,13.22522149
1873,3,5.56166666666667,-0.00279126,13.22522149
1873,4,5.5525,-0.00864318,13.22522149
1873,5,5.54333333333333,0.00715112,12.93980661
1873,6,5.53416666666667,-0.00866337,12.55922645
1873,7,5.525,0.00330489,12.55922645
1873,8,5.51583333333333,0.00536553,12.55922645
1873,9,5.50666666666667,-0.07105131,12.55922645
1873,10,5.4975,-0.08124546,12.27381157
1873,11,5.48833333333333,-0.029286,11.8932314
1873,12,5.47916666666667,0.10086634,12.17864628
1874,1,5.47,0.06052036,12.36889587
1874,2,5.43666666666667,0.03594421,12.36889587
1874,3,5.40333333333333,-0.00885417,12.36889587
1874,4,5.37,-0.02167019,12.17864628
1874,5,5.33666666666667,-0.0201087,12.08348099
1874,6,5.30333333333333,0.00167411,11.79806612
1874,7,5.27,0.00616592,11.8932314
1874,8,5.23666666666667,0.00840807,11.79806612
1874,9,5.20333333333333,0.02181208,11.79806612
1874,10,5.17,0.00385463,11.60773554
1874,11,5.13666666666667,0.01490066,11.51265124
1874,12,5.10333333333333,-0.00054705,11.51265124
1875,1,5.07,0.00601138,11.51265124
1875,2,5.03,0.00376285,11.51265124
1875,3,4.99,0.0191777,11.51265124
1875,4,4.95,0.01888163,11.60773554
1875,5,4.91,-0.03301971,11.32232066
1875,6,4.87,-0.01426174,11.13207107
1875,7,4.83,0.00822869,11.13207107
1875,8,4.79,0.01044039,11.22715537
1875,9,4.75,-0.00325964,11.13207107
1875,10,4.71,-0.01020214,11.13207107
1875,11,4.67,0.02214147,11.03690579
1875,12,4.63,0.00572082,10.9417405
1876,1,4.59,0.02631579,10.84657521
1876,2,4.57833333333333,0.0190583,10.84657521
1876,3,4.56666666666667,0.00331858,10.84657521
1876,4,4.555,-0.03215078,10.75149091
1876,5,4.54333333333333,-0.03110599,10.37091074
1876,6,4.53166666666667,-0.00119617,10.08541488
1876,7,4.52,-0.0060241,10.08541488
1876,8,4.50833333333333,-0.03536585,10.18058017
1876,9,4.49666666666667,-0.05470738,10.27574545
1876,10,4.485,0.00135501,10.46599504
1876,11,4.47333333333333,-0.01226158,10.56116033
1876,12,4.46166666666667,0.00138889,10.75149091
1877,1,4.45,-0.0016108,10.9417405
1877,2,4.44083333333333,-0.05254225,10.65632562
1877,3,4.43166666666667,-0.0440993,10.18058017
1877,4,4.4225,-0.06563354,10.46599504
1877,5,4.41333333333333,0.00720522,10.65632562
1877,6,4.40416666666667,-0.06448413,10.08541488
1877,7,4.395,0.05115385,10.18058017
1877,8,4.38583333333333,0.07680409,9.8
1877,9,4.37666666666667,0.0682377,9.704834711
1877,10,4.3675,0.02696245,9.704834711
1877,11,4.35833333333333,-0.01009063,9.514585124
1877,12,4.34916666666667,0.00178937,9.514585124
1878,1,4.34,0.00485128,9.229089256
1878,2,4.33,-0.01671026,9.134004959
1878,3,4.32,0.02378145,8.94367438
1878,4,4.31,0.03257973,8.848509091
1878,5,4.3,0.00765265,8.563094215
1878,6,4.29,0.02557385,8.372844628
1878,7,4.28,0.02502933,8.467928926
1878,8,4.27,-0.00423132,8.563094215
1878,9,4.26,0.02469807,8.563094215
1878,10,4.25,-0.00706203,8.467928926
1878,11,4.24,0.00145594,8.372844628
1878,12,4.23,-0.00144092,8.18251405
1879,1,4.22,0.04207005,8.277679339
1879,2,4.20333333333333,0.04057961,8.372844628
1879,3,4.18666666666667,-0.01201707,8.277679339
1879,4,4.17,0.03713927,8.18251405
1879,5,4.15333333333333,0.04925508,8.18251405
1879,6,4.13666666666667,0.00909475,8.087381157
1879,7,4.12,0.02423611,8.18251405
1879,8,4.10333333333333,0.01141295,8.18251405
1879,9,4.08666666666667,0.04084767,8.467928926
1879,10,4.07,0.11288902,8.94367438
1879,11,4.05333333333333,0.05694979,9.419419835
1879,12,4.03666666666667,0.00135227,9.704834711
1880,1,4.02,0.04209011,9.990330579
1880,2,3.99333333333333,0.02103718,9.990330579
1880,3,3.96666666666667,0.02267628,10.08541488
1880,4,3.94,-0.01918239,9.704834711
1880,5,3.91333333333333,-0.07553089,9.419419835
1880,6,3.88666666666667,0.00821104,9.229089256
1880,7,3.86,0.0500174,9.229089256
1880,8,3.83333333333333,0.03992016,9.229089256
1880,9,3.80666666666667,0.00200706,9.324254545
1880,10,3.78,0.03297941,9.324254545
1880,11,3.75333333333333,0.0565197,9.419419835
1880,12,3.72666666666667,0.04486037,9.514585124
1881,1,3.7,0.0637129,9.419419835
1881,2,3.69333333333333,0.00040388,9.514585124
1881,3,3.68666666666667,0.01505943,9.514585124
1881,4,3.68,0.00053419,9.609669421
1881,5,3.67333333333333,0.04883441,9.514585124
1881,6,3.66666666666667,0.01602564,9.514585124
1881,7,3.66,-0.03121834,9.609669421
1881,8,3.65333333333333,-0.01968504,9.8
1881,9,3.64666666666667,0.01216398,10.18058017
1881,10,3.64,-0.01186667,10.27574545
1881,11,3.63333333333333,0.01077236,10.18058017
1881,12,3.62666666666667,-0.02477114,10.18058017
1882,1,3.62,-0.01053799,10.18058017
1882,2,3.62083333333333,-0.01745495,10.27574545
1882,3,3.62166666666667,0.00287853,10.27574545
1882,4,3.6225,0.00461361,10.37091074
1882,5,3.62333333333333,-0.00749712,10.46599504
1882,6,3.62416666666667,-0.00058377,10.56116033
1882,7,3.625,0.06103286,10.46599504
1882,8,3.62583333333333,0.03444444,10.56116033
1882,9,3.62666666666667,0.01402373,10.27574545
1882,10,3.6275,-0.02297009,10.18058017
1882,11,3.62833333333333,-0.03844042,10.08541488
1882,12,3.62916666666667,0.0097533,9.990330579
1883,1,3.63,-0.00055936,9.990330579
1883,2,3.62916666666667,-0.01776104,10.08541488
1883,3,3.62833333333333,0.01705546,9.990330579
1883,4,3.6275,0.02555507,9.895165289
1883,5,3.62666666666667,-0.01243328,9.8
1883,6,3.62583333333333,0.01335933,9.514585124
1883,7,3.625,-0.01079897,9.324254545
1883,8,3.62416666666667,-0.04062391,9.324254545
1883,9,3.62333333333333,0.01595826,9.229089256
1883,10,3.6225,-0.02217752,9.229089256
1883,11,3.62166666666667,0.01996902,9.134004959
1883,12,3.62083333333333,-0.01694139,9.229089256
1884,1,3.62,-0.02483926,9.229089256
1884,2,3.61166666666667,0.03228282,9.229089256
1884,3,3.60333333333333,0.00133145,9.229089256
1884,4,3.595,-0.04019969,9.038839669
1884,5,3.58666666666667,-0.07572958,8.848509091
1884,6,3.57833333333333,-0.03512545,8.848509091
1884,7,3.57,0.00594731,8.753424793
1884,8,3.56166666666667,0.06869768,8.753424793
1884,9,3.55333333333333,-0.02610759,8.658259504
1884,10,3.545,-0.02699165,8.563094215
1884,11,3.53666666666667,-0.01442005,8.372844628
1884,12,3.52833333333333,0.00363985,8.277679339
1885,1,3.52,-0.01720046,8.277679339
1885,2,3.5075,0.03652319,8.372844628
1885,3,3.495,0.00786613,8.18251405
1885,4,3.4825,0.00317161,8.277679339
1885,5,3.47,-0.00608696,8.087381157
1885,6,3.4575,0.00067515,7.897091074
1885,7,3.445,0.04242636,7.992232066
1885,8,3.4325,0.06097347,7.992232066
1885,9,3.42,-0.00818294,7.897091074
1885,10,3.4075,0.06257527,7.897091074
1885,11,3.395,0.06920393,7.992232066
1885,12,3.3825,-0.00381679,8.18251405
1886,1,3.37,0.00381891,7.992232066
1886,2,3.3825,0.02302404,7.992232066
1886,3,3.395,-0.01705975,7.897091074
1886,4,3.4075,-0.00974149,7.801941983
1886,5,3.42,-0.01576009,7.611651901
1886,6,3.4325,0.04963479,7.51650281
1886,7,3.445,0.0188619,7.611651901
1886,8,3.4575,0.01104909,7.706792893
1886,9,3.47,0.02956238,7.706792893
1886,10,3.4825,0.02878554,7.706792893
1886,11,3.495,0.02804867,7.706792893
1886,12,3.5075,-0.02274036,7.801941983
1887,1,3.52,-0.00735077,7.992232066
1887,2,3.5325,-0.00380824,8.087381157
1887,3,3.545,0.02688779,8.087381157
1887,4,3.5575,0.02630805,8.087381157
1887,5,3.57,0.0205819,8.087381157
1887,6,3.5825,-0.02549435,7.992232066
1887,7,3.595,-0.02097877,7.897091074
1887,8,3.6075,-0.02146691,7.992232066
1887,9,3.62,-0.00913609,7.897091074
1887,10,3.6325,-0.02966233,7.992232066
1887,11,3.645,0.02319712,8.087381157
1887,12,3.6575,-0.00172956,8.277679339
1888,1,3.67,0.01151645,8.372844628
1888,2,3.65166666666667,-0.00177809,8.277679339
1888,3,3.63333333333333,-0.03401199,8.277679339
1888,4,3.615,0.00792815,8.18251405
1888,5,3.59666666666667,0.01767484,8.087381157
1888,6,3.57833333333333,-0.0270793,7.992232066
1888,7,3.56,0.02991184,8.087381157
1888,8,3.54166666666667,0.02523833,8.087381157
1888,9,3.52333333333333,0.02849206,8.087381157
1888,10,3.505,-0.00196252,8.18251405
1888,11,3.48666666666667,-0.01695171,8.277679339
1888,12,3.46833333333333,-0.01542621,8.277679339
1889,1,3.45,0.02317121,7.992232066
1889,2,3.4475,0.01508111,7.897091074
1889,3,3.445,-0.01717767,7.801941983
1889,4,3.4425,0.00171323,7.801941983
1889,5,3.44,0.03065959,7.611651901
1889,6,3.4375,0.02044173,7.611651901
1889,7,3.435,-0.01687924,7.611651901
1889,8,3.4325,0.01671855,7.611651901
1889,9,3.43,0.02766139,7.706792893
1889,10,3.4275,-0.01482273,7.706792893
1889,11,3.425,-0.00585185,7.706792893
1889,12,3.4225,-0.00218069,7.801941983
1890,1,3.42,0.01472431,7.611651901
1890,2,3.43666666666667,-0.00774473,7.611651901
1890,3,3.45333333333333,-0.00407268,7.611651901
1890,4,3.47,0.02430556,7.611651901
1890,5,3.48666666666667,0.04607297,7.706792893
1890,6,3.50333333333333,-0.00385528,7.706792893
1890,7,3.52,-0.00388292,7.706792893
1890,8,3.53666666666667,-0.02015644,7.992232066
1890,9,3.55333333333333,-0.01324707,8.087381157
1890,10,3.57,-0.04166667,8.087381157
1890,11,3.58666666666667,-0.06922572,7.897091074
1890,12,3.60333333333333,-0.01946214,7.897091074
1891,1,3.62,0.05615942,7.801941983
1891,2,3.61833333333333,0.01618457,7.897091074
1891,3,3.61666666666667,-0.01462585,7.992232066
1891,4,3.615,0.03707554,8.087381157
1891,5,3.61333333333333,-0.00033535,7.992232066
1891,6,3.61166666666667,-0.01649832,7.801941983
1891,7,3.61,-0.01271478,7.706792893
1891,8,3.60833333333333,0.03738644,7.706792893
1891,9,3.60666666666667,0.08485463,7.611651901
1891,10,3.605,0.00343965,7.611651901
1891,11,3.60333333333333,-0.01156973,7.51650281
1891,12,3.60166666666667,0.03396825,7.51650281
1892,1,3.6,0.02189926,7.326212727
1892,2,3.6125,0.00519208,7.326212727
1892,3,3.625,0.0142663,7.135922645
1892,4,3.6375,0.00159349,7.040773554
1892,5,3.65,0.00341562,7.040773554
1892,6,3.6625,-0.00194494,7.040773554
1892,7,3.675,0.00348526,7.231071736
1892,8,3.6875,0.01794976,7.326212727
1892,9,3.7,-0.02142645,7.326212727
1892,10,3.7125,0.02367245,7.326212727
1892,11,3.725,-2.534e-05,7.51650281
1892,12,3.7375,-0.00718133,7.611651901
1893,1,3.75,0.02179068,7.897091074
1893,2,3.74583333333333,-0.014235,7.992232066
1893,3,3.74166666666667,-0.03263007,7.801941983
1893,4,3.7375,0.00381827,7.706792893
1893,5,3.73333333333333,-0.08467985,7.611651901
1893,6,3.72916666666667,-0.04330234,7.421361818
1893,7,3.725,-0.08883225,7.231071736
1893,8,3.72083333333333,-0.01900518,6.945632562
1893,9,3.71666666666667,0.07613358,7.231071736
1893,10,3.7125,0.03448322,7.326212727
1893,11,3.70833333333333,0.02017037,7.135922645
1893,12,3.70416666666667,-0.03045222,7.040773554
1894,1,3.7,-0.01574641,6.850483471
1894,2,3.68,0.01858218,6.755342479
1894,3,3.66,0.03424658,6.565052397
1894,4,3.64,0.01767738,6.565052397
1894,5,3.62,-0.03294493,6.565052397
1894,6,3.6,-0.0092803,6.565052397
1894,7,3.58,-0.01638441,6.565052397
1894,8,3.56,0.04202549,6.755342479
1894,9,3.54,0.02003023,6.850483471
1894,10,3.52,-0.02721912,6.660193388
1894,11,3.5,0.00409562,6.660193388
1894,12,3.48,-0.00518433,6.565052397
1895,1,3.46,-0.00759109,6.565052397
1895,2,3.47166666666667,-0.01006471,6.565052397
1895,3,3.48333333333333,0.00407717,6.565052397
1895,4,3.495,0.04700278,6.850483471
1895,5,3.50666666666667,0.05876621,6.945632562
1895,6,3.51833333333333,0.02313811,7.040773554
1895,7,3.53,0.00777128,6.945632562
1895,8,3.54166666666667,0.01830332,6.850483471
1895,9,3.55333333333333,0.00965553,6.850483471
1895,10,3.565,-0.01118084,6.850483471
1895,11,3.57666666666667,-0.03032105,6.850483471
1895,12,3.58833333333333,-0.055374,6.755342479
1896,1,3.6,-0.00792438,6.660193388
1896,2,3.58333333333333,0.04582943,6.565052397
1896,3,3.56666666666667,-0.0122191,6.565052397
1896,4,3.55,0.01268455,6.469903306
1896,5,3.53333333333333,-0.00102187,6.374754215
1896,6,3.51666666666667,-0.01467803,6.279613223
1896,7,3.5,-0.06126157,6.279613223
1896,8,3.48333333333333,-0.05314975,6.279613223
1896,9,3.46666666666667,0.05648513,6.279613223
1896,10,3.45,0.02621987,6.469903306
1896,11,3.43333333333333,0.07196748,6.660193388
1896,12,3.41666666666667,-0.03310502,6.660193388
1897,1,3.4,0.0035545,6.469903306
1897,2,3.39583333333333,-0.00592417,6.469903306
1897,3,3.39166666666667,0.00598086,6.469903306
1897,4,3.3875,-0.0274463,6.374754215
1897,5,3.38333333333333,0.00862069,6.279613223
1897,6,3.37916666666667,0.0502451,6.279613223
1897,7,3.375,0.04800937,6.279613223
1897,8,3.37083333333333,0.06838565,6.565052397
1897,9,3.36666666666667,0.05157895,6.755342479
1897,10,3.3625,-0.02911647,6.660193388
1897,11,3.35833333333333,-0.03215768,6.660193388
1897,12,3.35416666666667,0.02473118,6.660193388
1898,1,3.35,0.03055614,6.660193388
1898,2,3.32916666666667,0.00108094,6.755342479
1898,3,3.30833333333333,-0.0420089,6.755342479
1898,4,3.2875,-0.01385842,6.755342479
1898,5,3.26666666666667,0.06907914,7.231071736
1898,6,3.24583333333333,0.04226557,6.755342479
1898,7,3.225,0.00710968,6.660193388
1898,8,3.20416666666667,0.04057251,6.660193388
1898,9,3.18333333333333,0.00118596,6.660193388
1898,10,3.1625,-0.01779626,6.660193388
1898,11,3.14166666666667,0.03621845,6.660193388
1898,12,3.12083333333333,0.06516291,6.755342479
1899,1,3.1,0.07906785,6.755342479
1899,2,3.10416666666667,0.04059348,6.945632562
1899,3,3.10833333333333,0.0169374,6.945632562
1899,4,3.1125,0.01514714,7.040773554
1899,5,3.11666666666667,-0.03904064,7.040773554
1899,6,3.12083333333333,-0.01979334,7.135922645
1899,7,3.125,0.03742175,7.231071736
1899,8,3.12916666666667,0.02822054,7.326212727
1899,9,3.13333333333333,-0.00818452,7.611651901
1899,10,3.1375,-0.00198456,7.706792893
1899,11,3.14166666666667,0.02167718,7.801941983
1899,12,3.14583333333333,-0.06540248,7.897091074
1900,1,3.15,0.01629983,7.897091074
1900,2,3.14583333333333,0.02110656,7.992232066
1900,3,3.14166666666667,0.0111715,7.992232066
1900,4,3.1375,0.01597444,7.992232066
1900,5,3.13333333333333,-0.04406546,7.801941983
1900,6,3.12916666666667,-0.02628311,7.706792893
1900,7,3.125,0.00373294,7.801941983
1900,8,3.12083333333333,0.01749147,7.706792893
1900,9,3.11666666666667,-0.01967593,7.801941983
1900,10,3.1125,0.04030172,7.706792893
1900,11,3.10833333333333,0.08225874,7.706792893
1900,12,3.10416666666667,0.06404321,7.611651901
1901,1,3.1,0.03277171,7.706792893
1901,2,3.10666666666667,0.02903465,7.611651901
1901,3,3.11333333333333,0.03936782,7.611651901
1901,4,3.12,0.08729139,7.51650281
1901,5,3.12666666666667,-0.04721233,7.51650281
1901,6,3.13333333333333,0.10295386,7.51650281
1901,7,3.14,-0.06400294,7.611651901
1901,8,3.14666666666667,0.01716372,7.706792893
1901,9,3.15333333333333,-0.0017102,7.801941983
1901,10,3.16,-0.00795104,7.801941983
1901,11,3.16666666666667,0.02484513,7.897091074
1901,12,3.17333333333333,-0.01278878,7.992232066
1902,1,3.18,0.02474633,7.897091074
1902,2,3.19,0.01192221,7.897091074
1902,3,3.2,0.00450244,7.897091074
1902,4,3.21,0.03743191,7.992232066
1902,5,3.22,0.00082744,8.087381157
1902,6,3.23,-0.00270883,8.18251405
1902,7,3.24,0.02582045,8.18251405
1902,8,3.25,0.02990988,8.087381157
1902,9,3.26,0.00535579,8.18251405
1902,10,3.27,-0.02854708,8.753424793
1902,11,3.28,-0.03530533,8.467928926
1902,12,3.29,-0.01972087,8.563094215
1903,1,3.3,0.05436542,8.658259504
1903,2,3.30833333333333,-0.00262707,8.658259504
1903,3,3.31666666666667,-0.03591954,8.372844628
1903,4,3.325,-0.03736902,8.372844628
1903,5,3.33333333333333,-0.0157172,8.18251405
1903,6,3.34166666666667,-0.05153509,8.18251405
1903,7,3.35,-0.04199513,8.18251405
1903,8,3.35833333333333,-0.02794039,8.18251405
1903,9,3.36666666666667,-0.01979638,8.277679339
1903,10,3.375,-0.02799201,8.18251405
1903,11,3.38333333333333,0.00783147,8.087381157
1903,12,3.39166666666667,0.05082272,8.087381157
1904,1,3.4,0.02114028,8.277679339
1904,2,3.40666666666667,-0.02266342,8.467928926
1904,3,3.41333333333333,0.00128205,8.372844628
1904,4,3.42,0.02902135,8.277679339
1904,5,3.42666666666667,-0.01690136,8.087381157
1904,6,3.43333333333333,0.00576923,8.087381157
1904,7,3.44,0.04565668,8.087381157
1904,8,3.44666666666667,0.037897,8.18251405
1904,9,3.45333333333333,0.04802663,8.277679339
1904,10,3.46,0.06234859,8.277679339
1904,11,3.46666666666667,0.05756237,8.467928926
1904,12,3.47333333333333,0.0129539,8.467928926
1905,1,3.48,0.02496667,8.467928926
1905,2,3.47583333333333,0.04698794,8.467928926
1905,3,3.47166666666667,0.03139205,8.372844628
1905,4,3.4675,-0.00923849,8.372844628
1905,5,3.46333333333333,-0.04625,8.277679339
1905,6,3.45916666666667,0.01490196,8.277679339
1905,7,3.455,0.0345126,8.277679339
1905,8,3.45083333333333,0.04024145,8.372844628
1905,9,3.44666666666667,0.00620471,8.277679339
1905,10,3.4425,0.01703413,8.277679339
1905,11,3.43833333333333,-0.00241898,8.372844628
1905,12,3.43416666666667,0.02765843,8.467928926
1906,1,3.43,0.03752446,8.467928926
1906,2,3.45,-0.00420719,8.467928926
1906,3,3.47,-0.02153486,8.467928926
1906,4,3.49,-0.01051865,8.467928926
1906,5,3.51,-0.02333687,8.563094215
1906,6,3.53,0.01638526,8.563094215
1906,7,3.55,-0.02248387,8.277679339
1906,8,3.57,0.0774163,8.467928926
1906,9,3.59,0.03410843,8.563094215
1906,10,3.61,-0.02668411,8.753424793
1906,11,3.63,0.02393114,8.848509091
1906,12,3.65,-0.00570661,8.94367438
1907,1,3.67,-0.0250398,8.848509091
1907,2,3.68666666666667,-0.0278356,9.038839669
1907,3,3.70333333333333,-0.09458243,8.94367438
1907,4,3.72,0.00891517,8.94367438
1907,5,3.73666666666667,-0.0304261,9.134004959
1907,6,3.75333333333333,-0.02777778,9.229089256
1907,7,3.77,0.04276467,9.229089256
1907,8,3.78666666666667,-0.07057023,9.229089256
1907,9,3.80333333333333,-0.00586543,9.229089256
1907,10,3.82,-0.10387808,9.324254545
1907,11,3.83666666666667,-0.05325427,8.94367438
1907,12,3.85333333333333,0.05706667,8.753424793
1908,1,3.87,0.04815703,8.658259504
1908,2,3.86083333333333,-0.03122506,8.563094215
1908,3,3.85166666666667,0.04633838,8.563094215
1908,4,3.8425,0.05903324,8.658259504
1908,5,3.83333333333333,0.05873964,8.658259504
1908,6,3.82416666666667,0.00589777,8.658259504
1908,7,3.815,0.04119437,8.753424793
1908,8,3.80583333333333,0.04727799,8.753424793
1908,9,3.79666666666667,-0.00675948,8.753424793
1908,10,3.7875,0.01638821,8.848509091
1908,11,3.77833333333333,0.07177852,8.94367438
1908,12,3.76916666666667,0.02642507,9.038839669
1909,1,3.76,0.00704411,8.94367438
1909,2,3.7725,-0.02495677,9.038839669
1909,3,3.785,0.01751894,9.038839669
1909,4,3.7975,0.04870422,9.229089256
1909,5,3.81,0.03698766,9.324254545
1909,6,3.8225,0.02128764,9.419419835
1909,7,3.835,0.0178852,9.419419835
1909,8,3.8475,0.02772217,9.514585124
1909,9,3.86,0.00450229,9.609669421
1909,10,3.8725,0.00746892,9.8
1909,11,3.885,-0.00133024,9.895165289
1909,12,3.8975,0.01538965,9.990330579
1910,1,3.91,-0.01777913,9.895165289
1910,2,3.91583333333333,-0.03203538,9.895165289
1910,3,3.92166666666667,0.02852795,10.08541488
1910,4,3.9275,-0.02033133,10.18058017
1910,5,3.93333333333333,-0.01258145,9.990330579
1910,6,3.93916666666667,-0.04415098,9.895165289
1910,7,3.945,-0.04635989,9.895165289
1910,8,3.95083333333333,0.02874228,9.8
1910,9,3.95666666666667,0.01113465,9.704834711
1910,10,3.9625,0.05036476,9.419419835
1910,11,3.96833333333333,0.00310712,9.229089256
1910,12,3.97416666666667,-0.02372001,9.229089256
1911,1,3.98,0.0286372,9.229089256
1911,2,3.9825,0.02148508,8.94367438
1911,3,3.985,-0.00751149,9.038839669
1911,4,3.9875,-8.941e-05,8.753424793
1911,5,3.99,0.02577227,8.753424793
1911,6,3.9925,0.0241737,8.753424793
1911,7,3.995,-8.618e-05,8.848509091
1911,8,3.9975,-0.04370024,9.134004959
1911,9,4.0,-0.05025445,9.229089256
1911,10,4.0025,0.01028451,9.229089256
1911,11,4.005,0.0446292,9.134004959
1911,12,4.0075,0.00872841,9.038839669
1912,1,4.01,0.00540432,9.134004959
1912,2,4.04666666666667,-0.00446181,9.229089256
1912,3,4.08333333333333,0.0331167,9.419419835
1912,4,4.12,0.03542384,9.704834711
1912,5,4.15666666666667,0.00307786,9.704834711
1912,6,4.19333333333333,0.00413187,9.609669421
1912,7,4.23,0.00518267,9.609669421
1912,8,4.26666666666667,0.0270829,9.704834711
1912,9,4.30333333333333,0.00915308,9.8
1912,10,4.34,0.00201403,9.8
1912,11,4.37666666666667,-0.0071206,9.8
1912,12,4.41333333333333,-0.03186023,9.704834711
1913,1,4.45,-0.00426439,9.8
1913,2,4.42583333333333,-0.0311828,9.8
1913,3,4.40166666666667,-0.01449275,9.8
1913,4,4.3775,0.00340909,9.8
1913,5,4.35333333333333,-0.02275313,9.7
1913,6,4.32916666666667,-0.04561404,9.8
1913,7,4.305,0.01847291,9.9
1913,8,4.28083333333333,0.03159174,9.9
1913,9,4.25666666666667,0.01420118,10.0
1913,10,4.2325,-0.02696366,10.0
1913,11,4.20833333333333,-0.02058111,10.1
1913,12,4.18416666666667,0.00372671,10.0
1914,1,4.16,0.04596808,10.0
1914,2,4.16666666666667,0.01782159,9.9
1914,3,4.17333333333333,-0.01429835,9.9
1914,4,4.18,-0.01943109,9.8
1914,5,4.18666666666667,0.01082718,9.9
1914,6,4.19333333333333,-0.000306,9.9
1914,7,4.2,-0.05078926,10.0
1914,8,4.20666666666667,0.00477431,10.2
1914,9,4.21333333333333,0.00472005,10.2
1914,10,4.22,0.0046658,10.1
1914,11,4.22666666666667,0.00461155,10.2
1914,12,4.23333333333333,-0.03841146,10.1
1915,1,4.24,0.02245805,10.1
1915,2,4.22416666666667,-0.0086709,10.0
1915,3,4.20833333333333,0.03051603,9.9
1915,4,4.1925,0.07995707,10.0
1915,5,4.17666666666667,-0.01899877,10.1
1915,6,4.16083333333333,0.01577568,10.1
1915,7,4.145,0.00068201,10.1
1915,8,4.12916666666667,0.04688618,10.1
1915,9,4.11333333333333,0.04139222,10.1
1915,10,4.0975,0.05954869,10.2
1915,11,4.08166666666667,0.03892414,10.3
1915,12,4.06583333333333,0.00590204,10.3
1916,1,4.05,-0.01194796,10.4
1916,2,4.065,-0.00989907,10.4
1916,3,4.08,0.00092844,10.5
1916,4,4.095,-0.00660396,10.6
1916,5,4.11,0.02649945,10.7
1916,6,4.125,0.01415858,10.8
1916,7,4.14,-0.00938568,10.8
1916,8,4.155,0.01224901,10.9
1916,9,4.17,0.04558692,11.1
1916,10,4.185,0.03562586,11.3
1916,11,4.2,0.02763193,11.5
1916,12,4.215,-0.03558603,11.6
1917,1,4.23,-0.01861565,11.7
1917,2,4.25833333333333,-0.05136102,12.0
1917,3,4.28666666666667,0.03647564,12.0
1917,4,4.315,-0.00963749,12.6
1917,5,4.34333333333333,-0.02822428,12.8
1917,6,4.37166666666667,0.02619451,13.0
1917,7,4.4,-0.02179388,12.8
1917,8,4.42833333333333,-0.02344805,13.0
1917,9,4.45666666666667,-0.04164224,13.3
1917,10,4.485,-0.04732861,13.5
1917,11,4.51333333333333,-0.07596354,13.5
1917,12,4.54166666666667,-0.0259233,13.7
1918,1,4.57,0.06862745,14.0
1918,2,4.56416666666667,0.03825705,14.1
1918,3,4.55833333333333,-0.012786,14.0
1918,4,4.5525,-0.00217491,14.2
1918,5,4.54666666666667,0.03929727,14.5
1918,6,4.54083333333333,0.00840054,14.7
1918,7,4.535,0.01498881,15.1
1918,8,4.52916666666667,0.01608966,15.4
1918,9,4.52333333333333,0.00131926,15.7
1918,10,4.5175,0.0489611,16.0
1918,11,4.51166666666667,0.03159457,16.3
1918,12,4.50583333333333,-0.01395782,16.5
1919,1,4.5,-0.00035127,16.5
1919,2,4.53916666666667,0.00980149,16.2
1919,3,4.57833333333333,0.03637902,16.4
1919,4,4.6175,0.03896449,16.7
1919,5,4.65666666666667,0.07462555,16.9
1919,6,4.69583333333333,0.03186548,16.9
1919,7,4.735,0.03751991,17.4
1919,8,4.77416666666667,-0.0625368,17.7
1919,9,4.81333333333333,0.02085682,17.8
1919,10,4.8525,0.05601831,18.1
1919,11,4.89166666666667,-0.02487416,18.5
1919,12,4.93083333333333,-0.02457381,18.9
1920,1,4.97,-0.00515415,19.3
1920,2,4.98,-0.07770196,19.5
1920,3,4.99,0.0757716,19.7
1920,4,5.0,-0.00304402,20.3
1920,5,5.01,-0.05773547,20.6
1920,6,5.02,-0.01199338,20.9
1920,7,5.03,0.00419087,20.8
1920,8,5.04,-0.03374737,20.3
1920,9,5.05,0.04117325,20.0
1920,10,5.06,0.00670584,19.9
1920,11,5.07,-0.04535004,19.8
1920,12,5.08,-0.08389037,19.4
1921,1,5.09,0.05024229,19.0
1921,2,5.02416666666667,-0.00115213,18.4
1921,3,4.95833333333333,-0.01962347,18.3
1921,4,4.8925,0.01033551,18.1
1921,5,4.82666666666667,0.0362904,17.7
1921,6,4.76083333333333,-0.07437968,17.6
1921,7,4.695,0.00306361,17.7
1921,8,4.62916666666667,-0.00616769,17.7
1921,9,4.56333333333333,0.03091085,17.5
1921,10,4.4975,0.01951967,17.5
1921,11,4.43166666666667,0.05950498,17.4
1921,12,4.36583333333333,0.04084042,17.3
1922,1,4.3,0.00392385,16.9
1922,2,4.305,0.0272637,16.9
1922,3,4.31,0.04281166,16.7
1922,4,4.315,0.06585594,16.7
1922,5,4.32,0.04385708,16.7
1922,6,4.325,-0.00464048,16.7
1922,7,4.33,0.01192505,16.8
1922,8,4.335,0.04243341,16.6
1922,9,4.34,0.03074273,16.6
1922,10,4.345,0.02668966,16.7
1922,11,4.35,-0.04512419,16.8
1922,12,4.355,0.00255682,16.9
1923,1,4.36,0.01852411,16.8
1923,2,4.335,0.04750281,16.8
1923,3,4.31,0.02078843,16.8
1923,4,4.285,-0.0304286,16.9
1923,5,4.26,-0.04250641,16.9
1923,6,4.235,-0.03306421,17.0
1923,7,4.21,-0.02836031,17.2
1923,8,4.185,0.01037324,17.1
1923,9,4.16,0.01157407,17.2
1923,10,4.135,-0.00933845,17.3
1923,11,4.11,0.03537049,17.3
1923,12,4.085,0.0391979,17.3
1924,1,4.06,0.0379308,17.3
1924,2,4.04333333333333,0.00956304,17.2
1924,3,4.02666666666667,-0.01413942,17.1
1924,4,4.01,-0.0178477,17.0
1924,5,3.99333333333333,0.00174804,17.0
1924,6,3.97666666666667,0.02420307,17.0
1924,7,3.96,0.05158073,17.1
1924,8,3.94333333333333,0.03934385,17.0
1924,9,3.92666666666667,-0.00477338,17.1
1924,10,3.91,-0.00804775,17.2
1924,11,3.89333333333333,0.06086437,17.2
1924,12,3.87666666666667,0.0586964,17.3
1925,1,3.86,0.04588419,17.3
1925,2,3.845,0.01290406,17.2
1925,3,3.83,-0.02184864,17.3
1925,4,3.815,-0.00604187,17.2
1925,5,3.8,0.03672827,17.3
1925,6,3.785,0.02242381,17.5
1925,7,3.77,0.03224691,17.7
1925,8,3.755,0.01789264,17.7
1925,9,3.74,0.02746296,17.7
1925,10,3.725,0.03729873,17.7
1925,11,3.71,0.03529437,18.0
1925,12,3.695,0.02039152,17.9
1926,1,3.68,0.0193118,17.9
1926,2,3.65166666666667,0.00563241,17.9
1926,3,3.62333333333333,-0.06378256,17.8
1926,4,3.595,-0.02349704,17.9
1926,5,3.56666666666667,0.01159625,17.8
1926,6,3.53833333333333,0.05222751,17.7
1926,7,3.51,0.04660405,17.5
1926,8,3.48166666666667,0.04397781,17.4
1926,9,3.45333333333333,0.01948361,17.5
1926,10,3.425,-0.01829955,17.6
1926,11,3.39666666666667,0.01742512,17.7
1926,12,3.36833333333333,0.02710387,17.7
1927,1,3.34,-0.0023678,17.5
1927,2,3.33916666666667,0.02377674,17.4
1927,3,3.33833333333333,0.01970473,17.3
1927,4,3.3375,0.02881939,17.3
1927,5,3.33666666666667,0.03872449,17.4
1927,6,3.33583333333333,0.01706349,17.6
1927,7,3.335,0.02628554,17.3
1927,8,3.33416666666667,0.0572892,17.2
1927,9,3.33333333333333,0.0606675,17.3
1927,10,3.3325,-0.01162584,17.4
1927,11,3.33166666666667,0.02659522,17.3
1927,12,3.33083333333333,0.02720789,17.3
1928,1,3.33,0.00771621,17.3
1928,2,3.3525,-0.00825585,17.1
1928,3,3.375,0.05749615,17.1
1928,4,3.3975,0.0666516,17.1
1928,5,3.42,0.03437844,17.2
1928,6,3.4425,-0.045625,17.1
1928,7,3.465,0.01093892,17.1
1928,8,3.4875,0.03593989,17.1
1928,9,3.51,0.0737698,17.3
1928,10,3.5325,0.02360534,17.2
1928,11,3.555,0.07084606,17.2
1928,12,3.5775,0.00697456,17.1
1929,1,3.6,0.07696184,17.1
1929,2,3.57416666666667,0.00814562,17.1
1929,3,3.54833333333333,0.02054155,17.0
1929,4,3.5225,-0.00298204,16.9
1929,5,3.49666666666667,0.01799842,17.0
1929,6,3.47083333333333,0.02205118,17.1
1929,7,3.445,0.09203314,17.3
1929,8,3.41916666666667,0.05960323,17.3
1929,9,3.39333333333333,0.04246955,17.3
1929,10,3.3675,-0.10322151,17.3
1929,11,3.34166666666667,-0.26187924,17.3
1929,12,3.31583333333333,0.04377227,17.2
1930,1,3.29,0.01826636,17.1
1930,2,3.29416666666667,0.06637379,17.0
1930,3,3.29833333333333,0.04122417,16.9
1930,4,3.3025,0.06688005,17.0
1930,5,3.30666666666667,-0.05651283,16.9
1930,6,3.31083333333333,-0.09769215,16.8
1930,7,3.315,-0.01759681,16.6
1930,8,3.31916666666667,-0.00895576,16.5
1930,9,3.32333333333333,0.00343715,16.6
1930,10,3.3275,-0.1337091,16.5
1930,11,3.33166666666667,-0.06799107,16.4
1930,12,3.33583333333333,-0.06187325,16.1
1931,1,3.34,0.03549699,15.9
1931,2,3.36833333333333,0.08131675,15.7
1931,3,3.39666666666667,0.02374031,15.6
1931,4,3.425,-0.09085995,15.5
1931,5,3.45333333333333,-0.09167034,15.3
1931,6,3.48166666666667,-0.02686671,15.1
1931,7,3.51,0.03849255,15.1
1931,8,3.53833333333333,-0.02492847,15.1
1931,9,3.56666666666667,-0.14376499,15.0
1931,10,3.595,-0.12759439,14.9
1931,11,3.62333333333333,0.02043333,14.7
1931,12,3.65166666666667,-0.18110363,14.6
1932,1,3.68,-0.00875494,14.3
1932,2,3.64916666666667,-0.00073594,14.1
1932,3,3.61833333333333,0.01113811,14.0
1932,4,3.5875,-0.23251312,13.9
1932,5,3.55666666666667,-0.1134992,13.7
1932,6,3.52583333333333,-0.12431942,13.6
1932,7,3.495,0.06137841,13.6
1932,8,3.46416666666667,0.5130855,13.5
1932,9,3.43333333333333,0.10336432,13.4
1932,10,3.4025,-0.13243241,13.3
1932,11,3.37166666666667,-0.0036669,13.2
1932,12,3.34083333333333,-0.02671395,13.1
1933,1,3.31,0.04563783,12.9
1933,2,3.29416666666667,-0.11271744,12.7
1933,3,3.27833333333333,0.00326667,12.6
1933,4,3.2625,0.11235955,12.6
1933,5,3.24666666666667,0.29311805,12.6
1933,6,3.23083333333333,0.17577978,12.7
1933,7,3.215,0.08457652,13.1
1933,8,3.19916666666667,-0.04645295,13.2
1933,9,3.18333333333333,-0.00488129,13.2
1933,10,3.1675,-0.09380907,13.2
1933,11,3.15166666666667,0.02796684,13.2
1933,12,3.13583333333333,0.02317655,13.2
1934,1,3.12,0.0608559,13.2
1934,2,3.0925,0.07749605,13.3
1934,3,3.065,-0.04797924,13.3
1934,4,3.0375,0.02019941,13.3
1934,5,3.01,-0.09825855,13.3
1934,6,2.9825,0.01703194,13.4
1934,7,2.955,-0.04354628,13.4
1934,8,2.9275,-0.03513992,13.4
1934,9,2.9,-0.02007784,13.6
1934,10,2.8725,0.0120899,13.5
1934,11,2.845,0.03211546,13.5
1934,12,2.8175,0.01059783,13.4
1935,1,2.79,0.00404968,13.6
1935,2,2.77833333333333,-0.0261879,13.7
1935,3,2.76666666666667,-0.05929844,13.7
1935,4,2.755,0.07933677,13.8
1935,5,2.74333333333333,0.08262659,13.8
1935,6,2.73166666666667,0.0417094,13.7
1935,7,2.72,0.05599473,13.7
1935,8,2.70833333333333,0.07104851,13.7
1935,9,2.69666666666667,0.02433304,13.7
1935,10,2.685,0.02993109,13.7
1935,11,2.67333333333333,0.09717562,13.8
1935,12,2.66166666666667,0.00300358,13.8
1936,1,2.65,0.05828221,13.8
1936,2,2.6525,0.06038033,13.8
1936,3,2.655,0.02416953,13.7
1936,4,2.6575,0.00424331,13.7
1936,5,2.66,-0.05010454,13.7
1936,6,2.6625,0.04583629,13.8
1936,7,2.665,0.06245745,13.9
1936,8,2.6675,0.02308269,14.0
1936,9,2.67,0.01454526,14.0
1936,10,2.6725,0.05569401,14.0
1936,11,2.675,0.0311986,14.0
1936,12,2.6775,-0.01382488,14.0
1937,1,2.68,0.03463267,14.1
1937,2,2.67,0.03306803,14.1
1937,3,2.66,0.00234677,14.2
1937,4,2.65,-0.05610835,14.3
1937,5,2.64,-0.04071135,14.4
1937,6,2.63,-0.03323077,14.4
1937,7,2.62,0.0638143,14.5
1937,8,2.61,0.01424931,14.5
1937,9,2.6,-0.13774393,14.6
1937,10,2.59,-0.14091858,14.6
1937,11,2.58,-0.08258686,14.5
1937,12,2.57,-0.01011905,14.4
1938,1,2.56,0.03231498,14.2
1938,2,2.54333333333333,-0.01807643,14.1
1938,3,2.52666666666667,-0.06023551,14.1
1938,4,2.51,-0.03454036,14.2
1938,5,2.49333333333333,0.0154477,14.1
1938,6,2.47666666666667,0.02922512,14.1
1938,7,2.46,0.20464686,14.1
1938,8,2.44333333333333,0.01039397,14.1
1938,9,2.42666666666667,-0.04102356,14.1
1938,10,2.41,0.1158156,14.0
1938,11,2.39333333333333,0.00433895,14.0
1938,12,2.37666666666667,-0.02582249,14.0
1939,1,2.36,-0.01160144,14.0
1939,2,2.3475,-0.00455555,13.9
1939,3,2.335,0.00268817,13.9
1939,4,2.3225,-0.12238813,13.8
1939,5,2.31,0.04098697,13.8
1939,6,2.2975,0.02174236,13.8
1939,7,2.285,0.02843395,13.8
1939,8,2.2725,-0.01060347,13.8
1939,9,2.26,0.11062969,14.1
1939,10,2.2475,0.01396502,14.0
1939,11,2.235,-0.01395349,14.0
1939,12,2.2225,-0.01960011,14.0
1940,1,2.21,-0.00145963,13.9
1940,2,2.18833333333333,-0.00225835,14.0
1940,3,2.16666666666667,-0.00143208,14.0
1940,4,2.145,0.01424326,14.0
1940,5,2.12333333333333,-0.13336503,14.0
1940,6,2.10166666666667,-0.08089162,14.1
1940,7,2.08,0.03875101,14.0
1940,8,2.05833333333333,0.02655433,14.0
1940,9,2.03666666666667,0.04763072,14.0
1940,10,2.015,0.01465977,14.0
1940,11,1.99333333333333,0.02850264,14.0
1940,12,1.97166666666667,-0.0358986,14.1
1941,1,1.95,0.00722802,14.1
1941,2,1.9925,-0.05721432,14.1
1941,3,2.035,0.01179643,14.2
1941,4,2.0775,-0.02543272,14.3
1941,5,2.12,-0.01584831,14.4
1941,6,2.1625,0.04109226,14.7
1941,7,2.205,0.05714936,14.7
1941,8,2.2475,0.00078514,14.9
1941,9,2.29,0.00865165,15.1
1941,10,2.3325,-0.03431532,15.3
1941,11,2.375,-0.04080479,15.4
1941,12,2.4175,-0.05878691,15.5
1942,1,2.46,0.02609716,15.7
1942,2,2.46083333333333,-0.0248538,15.8
1942,3,2.46166666666667,-0.04768786,16.0
1942,4,2.4625,-0.03463733,16.1
1942,5,2.46333333333333,0.01860119,16.3
1942,6,2.46416666666667,0.05737705,16.3
1942,7,2.465,0.04368414,16.4
1942,8,2.46583333333333,0.0003215,16.5
1942,9,2.46666666666667,0.01649205,16.5
1942,10,2.4675,0.07958909,16.7
1942,11,2.46833333333333,0.02145923,16.8
1942,12,2.46916666666667,0.01047166,16.9
1943,1,2.47,0.06503852,16.9
1943,2,2.47083333333333,0.06433763,16.9
1943,3,2.47166666666667,0.04014655,17.2
1943,4,2.4725,0.0378651,17.4
1943,5,2.47333333333333,0.04363345,17.5
1943,6,2.47416666666667,0.02179703,17.5
1943,7,2.475,0.02474747,17.4
1943,8,2.47583333333333,-0.04536662,17.3
1943,9,2.47666666666667,0.02555366,17.4
1943,10,2.4775,-0.00498101,17.4
1943,11,2.47833333333333,-0.04204078,17.4
1943,12,2.47916666666667,0.0177258,17.4
1944,1,2.48,0.03668215,17.4
1944,2,2.47083333333333,-0.00241444,17.4
1944,3,2.46166666666667,0.03242707,17.4
1944,4,2.4525,-0.01306244,17.5
1944,5,2.44333333333333,0.02205402,17.5
1944,6,2.43416666666667,0.05144628,17.6
1944,7,2.425,0.03021135,17.7
1944,8,2.41583333333333,-0.01053419,17.7
1944,9,2.40666666666667,-0.01223003,17.7
1944,10,2.3975,0.02883598,17.7
1944,11,2.38833333333333,-0.00284018,17.7
1944,12,2.37916666666667,0.02600104,17.8
1945,1,2.37,0.03386344,17.8
1945,2,2.355,0.03735277,17.8
1945,3,2.34,0.00316834,17.8
1945,4,2.325,0.02901412,17.8
1945,5,2.31,0.04160831,17.9
1945,6,2.295,0.02187359,18.1
1945,7,2.28,-0.01693543,18.1
1945,8,2.265,0.0070854,18.1
1945,9,2.25,0.07181389,18.1
1945,10,2.235,0.04513889,18.1
1945,11,2.22,0.03606061,18.1
1945,12,2.205,0.02024648,18.2
1946,1,2.19,0.0430211,18.2
1946,2,2.195,0.00588852,18.1
1946,3,2.2,-0.02674783,18.3
1946,4,2.205,0.06769348,18.4
1946,5,2.21,0.00518042,18.5
1946,6,2.215,-0.00338681,18.7
1946,7,2.22,-0.02546047,19.8
1946,8,2.225,-0.01622037,20.2
1946,9,2.23,-0.14420904,20.4
1946,10,2.235,-0.01868419,20.8
1946,11,2.24,-9.416e-05,21.3
1946,12,2.245,0.03398003,21.5
1947,1,2.25,0.00921642,21.5
1947,2,2.26583333333333,0.04271678,21.5
1947,3,2.28166666666667,-0.03670886,21.9
1947,4,2.2975,-0.03290824,21.9
1947,5,2.31333333333333,-0.01354642,21.9
1947,6,2.32916666666667,0.03928405,22.0
1947,7,2.345,0.06699236,22.2
1947,8,2.36083333333333,-0.01553583,22.5
1947,9,2.37666666666667,-0.02161492,23.0
1947,10,2.3925,0.03036004,23.0
1947,11,2.40833333333333,-0.00720964,23.1
1947,12,2.42416666666667,-0.01113294,23.4
1948,1,2.44,-0.00863089,23.7
1948,2,2.42916666666667,-0.04446692,23.5
1948,3,2.41833333333333,0.01920804,23.4
1948,4,2.4075,0.08187646,23.8
1948,5,2.39666666666667,0.05330087,23.9
1948,6,2.38583333333333,0.04587203,24.1
1948,7,2.375,-0.01953693,24.4
1948,8,2.36416666666667,-0.02485113,24.5
1948,9,2.35333333333333,-0.00674404,24.5
1948,10,2.3425,0.03199027,24.4
1948,11,2.33166666666667,-0.05090591,24.2
1948,12,2.32083333333333,-0.00147155,24.1
1949,1,2.31,0.01638505,24.0
1949,2,2.31083333333333,-0.03318504,23.8
1949,3,2.31166666666667,0.0150079,23.8
1949,4,2.3125,0.00421045,23.9
1949,5,2.31333333333333,-0.00175358,23.8
1949,6,2.31416666666667,-0.04905277,23.9
1949,7,2.315,0.062674,23.7
1949,8,2.31583333333333,0.04174193,23.8
1949,9,2.31666666666667,0.01874864,23.9
1949,10,2.3175,0.03159743,23.7
1949,11,2.31833333333333,0.01964899,23.8
1949,12,2.31916666666667,0.03258845,23.6
1950,1,2.32,0.02635026,23.5
1950,2,2.34083333333333,0.02527646,23.5
1950,3,2.36166666666667,0.01380012,23.6
1950,4,2.3825,0.0339097,23.6
1950,5,2.40333333333333,0.03919096,23.7
1950,6,2.42416666666667,0.02169197,23.8
1950,7,2.445,-0.06704318,24.1
1950,8,2.46583333333333,0.06658357,24.3
1950,9,2.48666666666667,0.04128233,24.4
1950,10,2.5075,0.04741732,24.6
1950,11,2.52833333333333,0.00395626,24.7
1950,12,2.54916666666667,0.00214322,25.0
1951,1,2.57,0.08019692,25.4
1951,2,2.57916666666667,0.04315311,25.7
1951,3,2.58833333333333,-0.01106061,25.8
1951,4,2.5975,0.01931472,25.8
1951,5,2.60666666666667,0.00633618,25.9
1951,6,2.61583333333333,-0.01139991,25.9
1951,7,2.625,0.02361435,25.9
1951,8,2.63416666666667,0.04960226,25.9
1951,9,2.64333333333333,0.03130916,26.1
1951,10,2.6525,0.00015378,26.2
1951,11,2.66166666666667,-0.02266456,26.4
1951,12,2.67083333333333,0.03599736,26.5
1952,1,2.68,0.03835017,26.5
1952,2,2.6925,-0.01330898,26.3
1952,3,2.705,0.00750877,26.3
1952,4,2.7175,0.00206496,26.4
1952,5,2.73,0.00463353,26.4
1952,6,2.7425,0.03248349,26.5
1952,7,2.755,0.03366831,26.7
1952,8,2.7675,0.00880516,26.7
1952,9,2.78,-0.01108684,26.7
1952,10,2.7925,-0.01615325,26.7
1952,11,2.805,0.03662864,26.7
1952,12,2.8175,0.04504594,26.7
1953,1,2.83,0.00988863,26.6
1953,2,2.80083333333333,-0.00773491,26.5
1953,3,2.77166666666667,0.00957077,26.6
1953,4,2.83,-0.04471806,26.6
1953,5,3.05,0.01003868,26.7
1953,6,3.11,-0.03106549,26.8
1953,7,2.93,0.01913709,26.8
1953,8,2.95,0.00898861,26.9
1953,9,2.87,-0.04106874,26.9
1953,10,2.66,0.03520269,27.0
1953,11,2.68,0.02711723,26.9
1953,12,2.59,0.01840136,26.9
1954,1,2.48,0.03026134,26.9
1954,2,2.47,0.02678492,26.9
1954,3,2.37,0.0258455,26.9
1954,4,2.29,0.04448416,26.8
1954,5,2.37,0.04420518,26.9
1954,6,2.38,0.01221139,26.9
1954,7,2.3,0.04459217,26.9
1954,8,2.36,0.02396097,26.9
1954,9,2.38,0.02741621,26.8
1954,10,2.43,0.02716834,26.8
1954,11,2.48,0.04308232,26.8
1954,12,2.51,0.04959131,26.7
1955,1,2.61,0.02170115,26.7
1955,2,2.65,0.03706304,26.7
1955,3,2.68,-0.00434901,26.7
1955,4,2.75,0.03808979,26.7
1955,5,2.76,-0.00077977,26.7
1955,6,2.78,0.06145833,26.7
1955,7,2.9,0.07647618,26.8
1955,8,2.97,-0.00296063,26.8
1955,9,2.97,0.04819703,26.9
1955,10,2.88,-0.047236,26.9
1955,11,2.89,0.07067468,26.9
1955,12,2.96,0.01238413,26.8
1956,1,2.9,-0.02382264,26.8
1956,2,2.84,0.00955077,26.8
1956,3,2.96,0.07211719,26.8
1956,4,3.18,0.01486862,26.9
1956,5,3.07,-0.02834431,27.0
1956,6,3.0,-0.00257843,27.2
1956,7,3.11,0.05751266,27.4
1956,8,3.33,-0.00282447,27.3
1956,9,3.38,-0.03086547,27.4
1956,10,3.34,-0.00959531,27.5
1956,11,3.49,-0.00718474,27.5
1956,12,3.59,0.01802885,27.6
1957,1,3.46,-0.01863216,27.6
1957,2,3.34,-0.03996381,27.7
1957,3,3.41,0.01619891,27.8
1957,4,3.48,0.02644031,27.9
1957,5,3.6,0.04160192,28.0
1957,6,3.8,0.01954183,28.1
1957,7,3.93,0.0232387,28.3
1957,8,3.93,-0.05203394,28.3
1957,9,3.92,-0.03737638,28.3
1957,10,3.97,-0.05894725,28.3
1957,11,3.72,-0.01798416,28.4
1957,12,3.21,0.00320116,28.4
1958,1,3.09,0.02327327,28.6
1958,2,3.05,0.00700525,28.6
1958,3,2.98,0.02417596,28.8
1958,4,2.88,0.00893824,28.9
1958,5,2.92,0.03555214,28.9
1958,6,2.97,0.02732647,28.9
1958,7,3.2,0.03070764,29.0
1958,8,3.54,0.04054299,28.9
1958,9,3.76,0.02943746,28.9
1958,10,3.8,0.04360136,28.9
1958,11,3.74,0.03327336,29.0
1958,12,3.86,0.02163492,28.9
1959,1,4.02,0.04255728,29.0
1959,2,3.96,-0.01264034,28.9
1959,3,3.99,0.02807194,28.9
1959,4,4.12,0.01937421,29.0
1959,5,4.31,0.01766394,29.0
1959,6,4.34,-0.00605303,29.1
1959,7,4.4,0.04228546,29.2
1959,8,4.43,-0.0031758,29.2
1959,9,4.68,-0.03702301,29.3
1959,10,4.53,0.0017772,29.4
1959,11,4.53,0.00670077,29.4
1959,12,4.69,0.03464092,29.4
1960,1,4.72,-0.01480603,29.3
1960,2,4.49,-0.03603979,29.4
1960,3,4.25,-0.01072666,29.4
1960,4,4.28,0.01584777,29.5
1960,5,4.35,-0.0062404,29.5
1960,6,4.15,0.03988591,29.6
1960,7,3.9,-0.02196123,29.6
1960,8,3.8,0.01490867,29.6
1960,9,3.8,-0.02720757,29.6
1960,10,3.89,-0.01673965,29.8
1960,11,3.93,0.03540852,29.8
1960,12,3.84,0.02690644,29.8
1961,1,3.84,0.05426448,29.8
1961,2,3.78,0.04373651,29.8
1961,3,3.74,0.03396601,29.8
1961,4,3.78,0.02919006,29.8
1961,5,3.71,0.01263355,29.8
1961,6,3.88,-0.01080201,29.8
1961,7,3.92,-0.00027092,30.0
1961,8,4.04,0.03839819,29.9
1961,9,3.98,-0.00540886,30.0
1961,10,3.92,0.01345525,30.0
1961,11,3.94,0.0477451,30.0
1961,12,4.06,0.01165354,30.0
1962,1,4.08,-0.03486355,30.0
1962,2,4.04,0.019103,30.1
1962,3,3.93,0.00341783,30.1
1962,4,3.84,-0.02944152,30.2
1962,5,3.87,-0.0718426,30.2
1962,6,3.91,-0.11411864,30.2
1962,7,4.01,0.02718358,30.3
1962,8,3.98,0.03024008,30.3
1962,9,3.98,-0.0059239,30.4
1962,10,3.93,-0.02853927,30.4
1962,11,3.92,0.07203331,30.4
1962,12,3.86,0.04626083,30.4
1963,1,3.83,0.04147599,30.4
1963,2,3.92,0.01596389,30.4
1963,3,3.93,-0.00107453,30.5
1963,4,3.97,0.04980289,30.5
1963,5,3.93,0.02271588,30.5
1963,6,3.99,0.0021861,30.6
1963,7,4.02,-0.01221494,30.7
1963,8,4.0,0.03031546,30.7
1963,9,4.08,0.02894008,30.7
1963,10,4.11,0.00502554,30.8
1963,11,4.12,-0.00303908,30.8
1963,12,4.13,0.02396034,30.9
1964,1,4.17,0.0333206,30.9
1964,2,4.15,0.01481723,30.9
1964,3,4.22,0.02072835,30.9
1964,4,4.23,0.01694868,30.9
1964,5,4.2,0.01222097,30.9
1964,6,4.17,-0.00348943,31.0
1964,7,4.19,0.03963111,31.1
1964,8,4.19,-0.01223664,31.0
1964,9,4.2,0.0196748,31.1
1964,10,4.19,0.01972186,31.1
1964,11,4.15,0.00938912,31.2
1964,12,4.18,-0.01488374,31.2
1965,1,4.19,0.02822442,31.2
1965,2,4.21,0.00976673,31.2
1965,3,4.21,0.00337176,31.3
1965,4,4.2,0.01559561,31.4
1965,5,4.21,0.01734493,31.4
1965,6,4.21,-0.04505488,31.6
1965,7,4.2,0.00104526,31.6
1965,8,4.25,0.02120218,31.6
1965,9,4.29,0.03597718,31.6
1965,10,4.35,0.02498695,31.7
1965,11,4.45,0.01077798,31.7
1965,12,4.62,-0.00209803,31.8
1966,1,4.61,0.01982267,31.8
1966,2,4.83,-0.00428633,32.0
1966,3,4.87,-0.03860539,32.1
1966,4,4.75,0.0332252,32.3
1966,5,4.78,-0.05006065,32.3
1966,6,4.81,-0.00557924,32.4
1966,7,5.02,0.00020335,32.5
1966,8,5.22,-0.05767513,32.7
1966,9,5.18,-0.03222773,32.7
1966,10,5.01,-0.00565123,32.9
1966,11,5.16,0.05315341,32.9
1966,12,4.84,0.00715109,32.9
1967,1,4.58,0.04131317,32.9
1967,2,4.63,0.03731005,32.9
1967,3,4.54,0.02634692,33.0
1967,4,4.59,0.0199247,33.1
1967,5,4.85,0.02057681,33.2
1967,6,5.02,-0.00991828,33.3
1967,7,5.16,0.01993025,33.4
1967,8,5.28,0.0185225,33.5
1967,9,5.3,0.01654496,33.6
1967,10,5.48,0.00097415,33.7
1967,11,5.75,-0.02881734,33.8
1967,12,5.7,0.03111735,33.9
1968,1,5.53,-0.00016614,34.1
1968,2,5.56,-0.04256103,34.2
1968,3,5.74,-0.0155831,34.3
1968,4,5.64,0.07662975,34.4
1968,5,5.87,0.02558854,34.5
1968,6,5.72,0.02941828,34.7
1968,7,5.5,0.00050027,34.9
1968,8,5.42,-0.01932812,35.0
1968,9,5.46,0.03508817,35.1
1968,10,5.58,0.02718273,35.3
1968,11,5.7,0.01786823,35.4
1968,12,6.03,0.01286369,35.5
1969,1,6.04,-0.03984351,35.6
1969,2,6.19,-0.00237745,35.8
1969,3,6.3,-0.01912972,36.1
1969,4,6.17,0.02275092,36.3
1969,5,6.32,0.03514314,36.4
1969,6,6.57,-0.04970523,36.6
1969,7,6.72,-0.04204772,36.8
1969,8,6.69,-0.00283028,37.0
1969,9,7.16,0.00629114,37.1
1969,10,7.1,0.01346712,37.3
1969,11,7.14,0.00997755,37.5
1969,12,7.65,-0.05027197,37.7
1970,1,7.79,-0.00588727,37.8
1970,2,7.24,-0.03195782,38.0
1970,3,7.07,0.02012582,38.2
1970,4,7.39,-0.02747384,38.5
1970,5,7.91,-0.11198694,38.6
1970,6,7.84,-0.00269524,38.8
1970,7,7.46,0.00522923,39.0
1970,8,7.53,0.03256149,39.0
1970,9,7.39,0.06321655,39.2
1970,10,7.33,0.02487823,39.4
1970,11,6.84,0.00205115,39.6
1970,12,6.39,0.071567,39.8
1971,1,6.24,0.04109754,39.8
1971,2,6.11,0.04150176,39.9
1971,3,5.7,0.02830982,40.0
1971,4,5.83,0.03673584,40.1
1971,5,6.39,-0.01108145,40.3
1971,6,6.52,-0.01596129,40.6
1971,7,6.73,-0.00463241,40.7
1971,8,6.58,-0.01517396,40.8
1971,9,6.14,0.02486117,40.8
1971,10,5.93,-0.01864241,40.9
1971,11,5.81,-0.04372095,40.9
1971,12,5.93,0.07163002,41.1
1972,1,5.95,0.0442254,41.1
1972,2,6.08,0.02086964,41.3
1972,3,6.07,0.02619613,41.4
1972,4,6.19,0.01258898,41.5
1972,5,6.13,-0.00775888,41.6
1972,6,6.11,0.00516094,41.7
1972,7,6.11,-0.00503601,41.9
1972,8,6.21,0.03783945,42.0
1972,9,6.55,-0.0121021,42.1
1972,10,6.48,0.00419206,42.3
1972,11,6.28,0.05255982,42.4
1972,12,6.36,0.02313206,42.5
1973,1,6.46,0.00989835,42.6
1973,2,6.64,-0.03324653,42.9
1973,3,6.71,-0.01344863,43.3
1973,4,6.67,-0.01632068,43.6
1973,5,6.85,-0.025685,43.9
1973,6,6.9,-0.01988495,44.2
1973,7,7.13,0.01211567,44.3
1973,8,7.4,-0.01634111,45.1
1973,9,7.09,0.01996628,45.2
1973,10,6.79,0.04238216,45.6
1973,11,6.73,-0.06850081,45.9
1973,12,6.74,-0.06802288,46.2
1974,1,6.99,0.01702188,46.6
1974,2,6.96,-0.02471127,47.2
1974,3,7.21,0.04576422,47.8
1974,4,7.51,-0.04814929,48.0
1974,5,7.58,-0.02703872,48.6
1974,6,7.54,0.00459091,49.0
1974,7,7.81,-0.11344062,49.4
1974,8,8.04,-0.03761611,50.0
1974,9,8.04,-0.10010303,50.6
1974,10,7.9,0.0237734,51.1
1974,11,7.68,0.0374384,51.5
1974,12,7.43,-0.06091441,51.9
1975,1,7.5,0.0863567,52.1
1975,2,7.39,0.10810211,52.5
1975,3,7.73,0.04976072,52.7
1975,4,8.23,0.01488355,52.9
1975,5,8.06,0.06713947,53.2
1975,6,7.86,0.02895856,53.6
1975,7,8.06,0.00431999,54.2
1975,8,8.4,-0.06996252,54.3
1975,9,8.43,-0.00852682,54.6
1975,10,8.14,0.04970277,54.9
1975,11,8.05,0.02040759,55.3
1975,12,8.0,-0.01180563,55.5
1976,1,7.74,0.09545597,55.6
1976,2,7.79,0.04178425,55.8
1976,3,7.73,0.00802684,55.9
1976,4,7.56,0.01097373,56.1
1976,5,7.9,-0.00381365,56.5
1976,6,7.86,0.00902503,56.8
1976,7,7.83,0.02667813,57.1
1976,8,7.77,-0.00558221,57.4
1976,9,7.59,0.02440303,57.6
1976,10,7.41,-0.03102949,57.9
1976,11,7.29,-0.00361193,58.0
1976,12,6.87,0.03791996,58.2
1977,1,7.21,-0.00533535,58.5
1977,2,7.39,-0.02364858,59.1
1977,3,7.46,-0.0005033,59.5
1977,4,7.37,-0.01188977,60.0
1977,5,7.46,0.00069269,60.3
1977,6,7.28,0.0090455,60.7
1977,7,7.33,0.01286356,61.0
1977,8,7.4,-0.0207474,61.2
1977,9,7.34,-0.01171355,61.4
1977,10,7.52,-0.02192952,61.6
1977,11,7.58,0.00986179,61.9
1977,12,7.69,-0.00075131,62.1
1978,1,7.96,-0.03386509,62.5
1978,2,8.03,-0.0096799,62.9
1978,3,8.04,0.00269724,63.4
1978,4,8.15,0.04833434,63.9
1978,5,8.35,0.05507616,64.5
1978,6,8.46,0.00676693,65.2
1978,7,8.64,-0.00059162,65.7
1978,8,8.41,0.07331287,66.0
1978,9,8.42,0.00402631,66.5
1978,10,8.64,-0.02772163,67.1
1978,11,8.81,-0.05436272,67.4
1978,12,9.01,0.01924295,67.7
1979,1,9.1,0.04189065,68.3
1979,2,9.1,-0.01053332,69.1
1979,3,9.12,0.02344837,69.8
1979,4,9.18,0.02434788,70.6
1979,5,9.25,-0.01889216,71.5
1979,6,8.91,0.02421538,72.3
1979,7,8.95,0.01425489,73.1
1979,8,9.03,0.05018933,73.8
1979,9,9.33,0.01544848,74.6
1979,10,10.3,-0.03348936,75.2
1979,11,10.65,-0.00318714,75.9
1979,12,10.39,0.04407747,76.7
1980,1,10.8,0.03316327,77.8
1980,2,12.41,0.04399609,78.9
1980,3,12.75,-0.08774212,80.1
1980,4,11.47,-0.01158336,81.0
1980,5,10.18,0.05039913,81.8
1980,6,9.78,0.06866295,82.7
1980,7,10.25,0.0497261,82.7
1980,8,11.1,0.03507698,83.3
1980,9,11.51,0.02838731,84.0
1980,10,11.75,0.03326746,84.8
1980,11,12.68,0.04616615,85.5
1980,12,12.84,-0.01242938,86.3
1981,1,12.57,0.00012484,87.0
1981,2,13.19,-0.03067669,87.9
1981,3,13.12,0.04145898,88.5
1981,4,13.68,0.01296088,89.1
1981,5,14.1,-0.01614997,89.8
1981,6,13.47,0.00859909,90.6
1981,7,14.28,-0.02013522,91.6
1981,8,14.94,0.00805362,92.3
1981,9,15.32,-0.08299897,93.2
1981,10,15.15,0.0172983,93.4
1981,11,13.39,0.03046281,93.7
1981,12,13.72,0.01181855,94.0
1982,1,14.59,-0.048021,94.3
1982,2,14.43,-0.01911765,94.6
1982,3,13.86,-0.02742358,94.5
1982,4,13.87,0.0547157,94.9
1982,5,13.62,0.00571797,95.8
1982,6,14.3,-0.05268471,97.0
1982,7,13.95,0.00244859,97.5
1982,8,13.06,0.00794993,97.7
1982,9,12.34,0.12097387,97.9
1982,10,10.91,0.08881854,98.2
1982,11,10.55,0.04500335,98.0
1982,12,10.54,0.01355902,97.6
1983,1,10.46,0.0392655,97.8
1983,2,10.72,0.02130785,97.9
1983,3,10.51,0.03866371,97.9
1983,4,10.4,0.04197937,98.6
1983,5,10.38,0.0442454,99.2
1983,6,10.85,0.01754012,99.5
1983,7,11.38,0.00709135,99.9
1983,8,11.85,-0.02406188,100.2
1983,9,11.65,0.0331486,100.7
1983,10,11.54,0.00649422,101.0
1983,11,11.69,-0.01139932,101.2
1983,12,11.83,-0.00126614,101.3
1984,1,11.67,0.01577453,101.9
1984,2,11.84,-0.05110677,102.4
1984,3,12.32,0.0044395,102.6
1984,4,12.63,0.00509494,103.1
1984,5,13.41,-0.00250282,103.4
1984,6,13.56,-0.01845998,103.7
1984,7,13.36,-0.00907178,104.1
1984,8,12.72,0.09207846,104.5
1984,9,12.52,0.01408151,105.0
1984,10,12.16,-0.00409894,105.3
1984,11,11.57,0.0128843,105.3
1984,12,11.5,-0.00705051,105.3
1985,1,11.38,0.04699763,105.5
1985,2,11.51,0.05789465,106.0
1985,3,11.86,-0.00476322,106.4
1985,4,11.43,0.01025951,106.9
1985,5,10.85,0.02736865,107.3
1985,6,10.16,0.02512169,107.6
1985,7,10.31,0.02248691,107.8
1985,8,10.33,-0.01843867,108.0
1985,9,10.37,-0.01883519,108.3
1985,10,10.24,0.01496469,108.7
1985,11,9.78,0.06421411,109.0
1985,12,9.26,0.05295359,109.3
1986,1,9.19,0.00753337,109.6
1986,2,8.7,0.05698847,109.3
1986,3,7.78,0.0618429,108.8
1986,4,7.3,0.02742383,108.6
1986,5,7.71,0.00492764,108.9
1986,6,7.8,0.03134172,109.5
1986,7,7.3,-0.01802442,109.5
1986,8,7.17,0.02282357,109.7
1986,9,7.45,-0.02454762,110.2
1986,10,7.43,-0.0008929,110.3
1986,11,7.25,0.03533534,110.4
1986,12,7.11,0.01709506,110.5
1987,1,7.08,0.06674041,111.2
1987,2,7.25,0.06462508,111.6
1987,3,7.25,0.04377002,112.1
1987,4,8.02,-0.00854701,112.7
1987,5,8.61,0.00174559,113.1
1987,6,8.4,0.04500173,113.5
1987,7,8.45,0.03123387,113.8
1987,8,8.76,0.06455265,114.4
1987,9,9.42,-0.03029245,115.0
1987,10,9.52,-0.11852578,115.3
1987,11,8.86,-0.12301927,115.4
1987,12,8.99,-0.01332993,115.4
1988,1,8.67,0.04248156,115.7
1988,2,8.21,0.03330117,116.0
1988,3,8.37,0.03233566,116.5
1988,4,8.72,-0.00883097,117.1
1988,5,9.09,-0.02185305,117.5
1988,6,8.92,0.06001236,118.0
1988,7,9.06,-0.0030456,118.5
1988,8,9.26,-0.01716111,119.0
1988,9,8.98,0.01929592,119.8
1988,10,8.8,0.03804415,120.2
1988,11,8.96,-0.02017544,120.3
1988,12,9.11,0.02329336,120.5
1989,1,9.09,0.03514567,121.1
1989,2,9.17,0.03302285,121.6
1989,3,9.36,-0.00158447,122.3
1989,4,9.18,0.03566983,123.1
1989,5,8.86,0.04118241,123.8
1989,6,8.28,0.03397313,124.1
1989,7,8.02,0.02801547,124.4
1989,8,8.11,0.04693851,124.6
1989,9,8.19,0.00459944,125.0
1989,10,8.01,0.00287856,125.6
1989,11,7.87,-0.01810514,125.9
1989,12,7.84,0.02740055,126.1
1990,1,8.21,-0.02209313,127.4
1990,2,8.47,-0.02524978,128.0
1990,3,8.59,0.02709437,128.7
1990,4,8.79,0.00198859,128.9
1990,5,8.76,0.03853798,129.2
1990,6,8.48,0.03172496,129.9
1990,7,8.47,0.00171266,130.4
1990,8,8.75,-0.07859917,131.6
1990,9,8.89,-0.04339884,132.7
1990,10,8.72,-0.02313214,133.5
1990,11,8.39,0.02986164,133.8
1990,12,8.08,0.04588633,133.8
1991,1,8.09,-0.00684748,134.6
1991,2,7.85,0.11606944,134.8
1991,3,8.11,0.03044544,135.0
1991,4,8.04,0.02259276,135.2
1991,5,8.07,-0.00178659,135.6
1991,6,8.28,0.00347231,136.0
1991,7,8.27,0.0078144,136.2
1991,8,7.9,0.02679885,136.6
1991,9,7.65,-0.00302174,137.2
1991,10,7.53,0.00181071,137.4
1991,11,7.42,0.00015222,137.8
1991,12,7.09,0.00934563,137.9
1992,1,7.03,0.07358884,138.1
1992,2,7.34,-0.00600045,138.6
1992,3,7.54,-0.0101157,139.3
1992,4,7.48,0.00264303,139.5
1992,5,7.39,0.0206835,139.7
1992,6,7.26,-0.01329123,140.2
1992,7,6.84,0.01912609,140.5
1992,8,6.59,0.0094219,140.9
1992,9,6.42,0.00378851,141.3
1992,10,6.59,-0.01182321,141.8
1992,11,6.87,0.02756834,142.0
1992,12,6.77,0.03271332,141.9
1993,1,6.6,0.00143339,142.6
1993,2,6.26,0.01724887,143.1
1993,3,5.98,0.02150781,143.6
1993,4,5.97,-0.01341499,144.0
1993,5,6.04,0.00724976,144.2
1993,6,5.96,0.00865431,144.4
1993,7,5.81,0.00061004,144.4
1993,8,5.68,0.01762466,144.8
1993,9,5.36,0.01354972,145.1
1993,10,5.33,0.0124227,145.7
1993,11,5.72,7.904e-05,145.8
1993,12,5.77,0.0088754,145.8
1994,1,5.75,0.01736655,146.2
1994,2,5.97,-0.00074936,146.7
1994,3,6.48,-0.01423053,147.2
1994,4,6.97,-0.03345599,147.4
1994,5,7.18,0.01059051,147.5
1994,6,7.1,0.01108893,148.0
1994,7,7.3,-0.00518326,148.4
1994,8,7.24,0.03082632,149.0
1994,9,7.46,0.00817824,149.4
1994,10,7.74,-0.00442342,149.5
1994,11,7.96,-0.00368385,149.7
1994,12,7.81,-0.01024381,149.7
1995,1,7.78,0.02451357,150.3
1995,2,7.47,0.03819094,150.9
1995,3,7.2,0.02557997,151.4
1995,4,7.06,0.03216792,151.9
1995,5,6.63,0.033488,152.2
1995,6,6.17,0.0317927,152.5
1995,7,6.28,0.03548716,152.5
1995,8,6.49,0.00514171,152.9
1995,9,6.2,0.03718708,153.2
1995,10,6.04,0.00913575,153.7
1995,11,5.93,0.02359386,153.6
1995,12,5.71,0.03390117,153.5
1996,1,5.65,0.00163981,154.4
1996,2,5.81,0.05905796,154.9
1996,3,6.27,-0.00199372,155.7
1996,4,6.51,0.00197772,156.3
1996,5,6.74,0.02355554,156.6
1996,6,6.91,0.01279308,156.7
1996,7,6.87,-0.03474944,157.0
1996,8,6.64,0.03077435,157.3
1996,9,6.83,0.02025362,157.8
1996,10,6.53,0.04120486,158.3
1996,11,6.2,0.05053032,158.6
1996,12,6.3,0.01199134,158.6
1997,1,6.58,0.03258138,159.1
1997,2,6.42,0.04361744,159.6
1997,3,6.69,-0.00623129,160.0
1997,4,6.89,-0.03404896,160.2
1997,5,6.71,0.09218195,160.1
1997,6,6.49,0.05337158,160.3
1997,7,6.22,0.05736464,160.5
1997,8,6.3,0.00348299,160.8
1997,9,6.21,0.01192518,161.2
1997,10,6.03,0.0164588,161.6
1997,11,5.88,-0.01151547,161.5
1997,12,5.81,0.0263512,161.3
1998,1,5.54,0.00237521,161.6
1998,2,5.57,0.06402591,161.9
1998,3,5.65,0.05313198,162.2
1998,4,5.64,0.03406527,162.5
1998,5,5.65,-0.00221108,162.8
1998,6,5.5,0.00117209,163.0
1998,7,5.46,0.04468168,163.2
1998,8,5.34,-0.06970527,163.4
1998,9,4.81,-0.0489801,163.6
1998,10,4.53,0.01291075,164.0
1998,11,4.83,0.10974518,164.0
1998,12,4.65,0.04104227,163.9
1999,1,4.72,0.05048271,164.3
1999,2,5.0,-0.00066154,164.5
1999,3,5.23,0.02924067,165.0
1999,4,5.18,0.04250022,166.2
1999,5,5.54,-0.00098832,166.2
1999,6,5.9,-0.00611767,166.2
1999,7,5.79,0.04522786,166.7
1999,8,5.94,-0.03774004,167.1
1999,9,5.92,-0.00597619,167.9
1999,10,6.11,-0.01272366,168.2
1999,11,6.03,0.07106056,168.3
1999,12,6.28,0.02808831,168.3
2000,1,6.66,-0.00118797,168.8
2000,2,6.52,-0.02477941,169.8
2000,3,6.26,0.03941094,171.2
2000,4,5.99,0.0142455,171.3
2000,5,6.44,-0.02838908,171.5
2000,6,6.1,0.03163363,172.4
2000,7,6.05,0.00849677,172.8
2000,8,5.83,0.00939051,172.8
2000,9,5.8,-0.01080305,173.7
2000,10,5.74,-0.05214381,174.0
2000,11,5.72,-0.00772724,174.1
2000,12,5.24,-0.03320235,174.0
2001,1,5.16,0.00454382,175.1
2001,2,5.1,-0.02136882,175.8
2001,3,4.89,-0.09080541,176.2
2001,4,5.14,0.00448038,176.9
2001,5,5.39,0.06878679,177.7
2001,6,5.28,-0.02389265,178.0
2001,7,5.24,-0.02660115,177.5
2001,8,4.97,-0.02045724,177.5
2001,9,4.73,-0.11247207,178.3
2001,10,4.57,0.03184032,177.7
2001,11,4.65,0.05053146,177.4
2001,12,5.09,0.01466049,176.7
2002,1,5.04,-0.00297713,177.1
2002,2,4.91,-0.03352794,177.8
2002,3,5.28,0.04945245,178.8
2002,4,5.21,-0.03513686,179.8
2002,5,5.16,-0.02819597,179.8
2002,6,4.93,-0.05920161,179.9
2002,7,4.65,-0.10759157,180.1
2002,8,4.26,0.01138053,180.7
2002,9,3.87,-0.04758461,181.0
2002,10,3.94,-0.01366178,181.3
2002,11,4.05,0.06626454,181.3
2002,12,4.03,-0.01034237,180.9
2003,1,4.05,-0.00222054,181.7
2003,2,3.9,-0.06414371,183.1
2003,3,3.81,0.01308396,184.2
2003,4,3.96,0.05285695,183.8
2003,5,3.57,0.05312056,183.5
2003,6,3.33,0.05704036,183.7
2003,7,3.98,0.00597082,183.9
2003,8,4.45,-0.00165149,184.6
2003,9,4.27,0.0316236,185.2
2003,10,4.29,0.02030009,185.0
2003,11,4.3,0.01212726,184.5
2003,12,4.27,0.03065927,184.3
2004,1,4.15,0.04936581,185.2
2004,2,4.08,0.01088207,186.2
2004,3,3.83,-0.01563666,187.4
2004,4,4.35,0.0096957,188.0
2004,5,4.72,-0.02562832,189.1
2004,6,4.73,0.02859138,189.7
2004,7,4.5,-0.02237406,189.4
2004,8,4.28,-0.01386163,189.5
2004,9,4.13,0.02784053,189.9
2004,10,4.1,0.00103291,190.9
2004,11,4.19,0.04774592,191.0
2004,12,4.23,0.02728113,190.3
2005,1,4.22,-0.01347392,190.7
2005,2,4.17,0.01683064,191.8
2005,3,4.5,-0.00253759,193.3
2005,4,4.34,-0.02407291,194.6
2005,5,4.14,0.0133754,194.4
2005,6,4.0,0.02182348,194.5
2005,7,4.18,0.01809039,195.4
2005,8,4.26,0.00311245,196.4
2005,9,4.2,0.00280916,198.8
2005,10,4.46,-0.0262252,199.2
2005,11,4.54,0.0396329,197.6
2005,12,4.47,0.02145815,196.8
2006,1,4.42,0.01468003,198.3
2006,2,4.57,-0.00015423,198.7
2006,3,4.72,0.01487356,199.8
2006,4,4.99,0.00799749,201.5
2006,5,5.11,-0.00785228,202.5
2006,6,5.11,-0.02704372,202.9
2006,7,5.09,0.00721504,203.5
2006,8,4.88,0.02293214,203.9
2006,9,4.72,0.02532598,202.9
2006,10,4.73,0.03617557,201.8
2006,11,4.6,0.02003232,201.5
2006,12,4.56,0.02149825,201.8
2007,1,4.76,0.00694023,202.416
2007,2,4.72,0.01597238,203.499
2007,3,4.56,-0.02472718,205.352
2007,4,4.69,0.04181602,206.686
2007,5,4.75,0.03393044,207.949
2007,6,5.1,0.00346151,208.352
2007,7,5.0,0.00576106,208.299
2007,8,4.67,-0.04199628,207.917
2007,9,4.52,0.0307629,208.49
2007,10,4.53,0.02993024,208.936
2007,11,4.15,-0.04804957,210.177
2007,12,4.1,0.01239644,210.036
2008,1,3.74,-0.06634127,211.08
2008,2,3.74,-0.01562817,211.693
2008,3,3.51,-0.02625467,213.528
2008,4,3.68,0.04244667,214.823
2008,5,3.88,0.02563435,216.632
2008,6,4.1,-0.0424577,218.815
2008,7,4.01,-0.06078182,219.964
2008,8,3.89,0.02110844,219.086
2008,9,3.69,-0.04847233,218.783
2008,10,3.81,-0.20194635,216.573
2008,11,3.53,-0.08606667,212.425
2008,12,2.42,-0.00352664,210.228
2009,1,2.52,-0.01099133,211.143
2009,2,2.87,-0.06706133,212.193
2009,3,2.82,-0.05691335,212.709
2009,4,2.93,0.12315623,213.24
2009,5,3.29,0.06654352,213.856
2009,6,3.72,0.0286372,215.693
2009,7,3.56,0.01272573,215.351
2009,8,3.59,0.08115729,215.834
2009,9,3.4,0.03645694,215.969
2009,10,3.39,0.02399146,216.177
2009,11,3.4,0.02090449,216.33
2009,12,3.59,0.02222054,215.949
2010,1,3.73,0.01355692,216.687
2010,2,3.69,-0.02899734,216.741
2010,3,3.73,0.05941735,217.631
2010,4,3.85,0.04088268,218.009
2010,5,3.42,-0.05882072,218.178
2010,6,3.2,-0.03543218,217.965
2010,7,3.01,-0.00158278,218.011
2010,8,2.7,0.00864409,218.312
2010,9,2.65,0.03371947,218.439
2010,10,2.54,0.04578377,218.711
2010,11,2.76,0.02491815,218.803
2010,12,3.29,0.03714617,219.179
2011,1,3.39,0.03463759,220.223
2011,2,3.58,0.0315238,221.309
2011,3,3.41,-0.01110989,223.467
2011,4,3.46,0.02222921,224.906
2011,5,3.17,0.00661133,225.964
2011,6,3.0,-0.03660711,225.722
2011,7,3.0,0.03103548,225.922
2011,8,2.3,-0.10398886,226.545
2011,9,1.98,-0.00787276,226.889
2011,10,2.15,0.03021864,226.421
2011,11,2.01,0.01769999,226.23
2011,12,1.98,0.01557582,225.672
2012,1,1.97,0.04784613,226.665
2012,2,1.97,0.04164574,227.663
2012,3,2.17,0.02885727,229.392
2012,4,2.05,-0.00036271,230.085
2012,5,1.8,-0.03089009,229.815
2012,6,1.62,-0.01150402,229.478
2012,7,1.53,0.02923752,229.104
2012,8,1.68,0.03390295,230.379
2012,9,1.72,0.0302368,231.407
2012,10,1.75,-0.0021394,231.317
2012,11,1.65,-0.02834287,230.221
2012,12,1.72,0.02178842,229.601
2013,1,1.91,0.04270441,230.28
2013,2,1.98,0.02334636,232.166
2013,3,1.96,0.02724034,232.773
2013,4,1.76,0.01455869,232.531
2013,5,1.93,0.04576321,232.945
2013,6,2.3,-0.0111581,233.504
2013,7,2.58,0.03256416,233.596
2013,8,2.74,0.00254409,233.877
2013,9,2.81,0.01194347,234.149
2013,10,2.62,0.02118521,233.546
2013,11,2.72,0.03860947,233.069
2013,12,2.9,0.01522581,233.049
2014,1,2.86,0.00969713,233.916
2014,2,2.71,-0.00128146,234.781
2014,3,2.72,0.02724165,236.293
2014,4,2.71,0.00203438,237.072
2014,5,2.56,0.01533748,237.9
2014,6,2.6,0.03198008,238.343
2014,7,2.54,0.01497406,238.25
2014,8,2.42,-0.00425388,237.852
2014,9,2.53,0.01779606,238.031
2014,10,2.3,-0.0264526,237.433
2014,11,2.33,0.05707014,236.151
2014,12,2.21,0.00635178,234.812
2015,1,1.88,-0.01108193,233.707
2015,2,1.98,0.02829274,234.722
2015,3,2.04,0.00057191,236.119
2015,4,1.94,0.00879652,236.599
2015,5,2.2,0.00980137,237.805
2015,6,2.36,-0.00434277,238.638
2015,7,2.32,-0.00078611,238.654
2015,8,2.17,-0.02423376,238.316
2015,9,2.17,-0.04506047,237.945
2015,10,2.07,0.04318376,237.838
2015,11,2.26,0.02933677,237.336
2015,12,2.24,-0.01101795,236.525
2016,1,2.09,-0.06418959,236.916
2016,2,1.78,-0.005492,237.111
2016,3,1.89,0.06363442,238.132
2016,4,1.81,0.02832057,239.261
2016,5,1.81,-0.00303589,240.229
2016,6,1.64,0.0106727,241.018
2016,7,1.5,0.03298199,240.628
2016,8,1.56,0.01199994,240.849
2016,9,1.63,-0.00437942,241.428
2016,10,1.76,-0.00505118,241.729
2016,11,2.14,0.01202029,241.353
2016,12,2.49,0.03946823,241.432
2017,1,2.43,0.01438476,242.839
2017,2,2.42,0.02577276,243.603
2017,3,2.48,0.01750068,243.801
2017,4,2.3,-0.00153018,244.524
2017,5,2.3,0.01693362,244.733
2017,6,2.19,0.01777402,244.955
2017,7,2.32,0.00988968,244.786
2017,8,2.21,0.00248881,245.519
2017,9,2.2,0.01654337,246.819
2017,10,2.36,0.02735646,246.663
2017,11,2.35,0.01590395,246.669
2017,12,2.4,0.028843,246.524
2018,1,2.58,0.04863014,247.867
2018,2,2.86,-0.02885621,248.991
2018,3,2.84,0.00065677,249.554
2018,4,2.87,-0.01662954,250.546
2018,5,2.976,0.01962657,251.588
2018,6,2.91,0.02113988,251.989
2018,7,2.89,0.01582103,252.006
2018,8,2.89,0.02452147,252.146
2018,9,3.0,0.0168106,252.439
2018,10,3.15,-0.03847636,252.885
2018,11,3.12,-0.02074702,252.038
2018,12,2.83,-0.05561074,251.233
2019,1,2.71,0.01736924,251.712
2019,2,2.68,0.0583017,252.776
2019,3,2.57,0.01949222,254.202
2019,4,2.53,0.03724346,255.548
2019,5,2.4,-0.01530701,256.092
2019,6,2.06,0.01405856,256.143
2019,7,1.63,0.03828442,256.571
2019,8,1.63,-0.03133355,256.558
2019,9,1.7,0.03086323,256.759
2019,10,1.71,0.00010753,257.346
2019,11,1.81,0.04434644,257.208
2019,12,1.86,0.02470232,256.974
2020,1,1.76,0.0334757,257.971
2020,2,1.5,0.00123213,258.678
2020,3,0.87,-0.18916573,258.115
2020,4,0.66,0.04318718,256.389
2020,5,0.67,0.05887465,256.394
2020,6,0.73,0.06508366,257.797
2020,7,0.62,0.03475692,259.101
2020,8,0.65,0.05892786,259.918
2020,9,0.68,-0.00627682,260.28
2020,10,0.79,0.0172553,260.388
2020,11,0.87,0.03953653,260.229
2020,12,0.93,0.04259633,260.474
2021,1,1.08,0.02794815,261.582
2021,2,1.26,0.02491056,263.014
2021,3,1.61,0.00820896,264.877
2021,4,1.64,0.06021651,267.054
2021,5,1.62,0.00760387,269.195
2021,6,1.52,0.01810577,271.696
2021,7,1.32,0.03069112,273.003
2021,8,1.28,0.02186046,273.567
2021,9,1.37,-0.00083632,274.31
2021,10,1.58,0.0045289,276.589
2021,11,1.56,0.04745456,277.948
2021,12,1.47,0.00266084,278.802
2022,1,1.76,-0.02051018,281.148
2022,2,1.93,-0.02901615,283.716
2022,3,2.13,-0.00891599,287.504
2022,4,2.75,0.00119599,289.109
2022,5,2.9,-0.07871434,292.296
2022,6,3.14,-0.03367975,296.311
2022,7,2.9,0.0046561,296.276
2022,8,2.9,0.06448316,296.171
2022,9,3.52,-0.07276537,296.808
2022,10,3.98,-0.0309002,298.012
2022,11,3.89,0.05286288,297.711
2022,12,3.62,0.00011973,296.797
2023,1,3.53,0.01377372,299.17
2023,2,3.75,0.03147876,300.84
2023,3,3.66,-0.02584549,301.836
2023,4,3.46,0.03996571,303.363
2023,5,3.57,0.00738032,304.127
2023,6,3.75,0.04942522,305.109
2023,7,3.9,0.03876428,305.691
2023,8,4.17,-0.00997265,307.026
2023,9,4.38,-0.00953201,307.789
2023,10,4.8,-0.03036688,307.671
2023,11,4.5,0.04602368,307.051
2023,12,4.02,0.05175864,306.746
2024,1,4.06,0.02912146,308.417
2024,2,4.21,0.04199572,310.326
2024,3,4.21,0.03282409,312.332
2024,4,4.54,-0.0100851,313.548
2024,5,4.48,0.02517338,314.069
2024,6,4.31,0.03551195,314.175
2024,7,4.25,0.02380392,314.54
2024,8,3.87,-0.00969896,314.796
2024,9,3.72,0.02722833,315.301
2024,10,4.1,0.03152594,315.664
2024,11,4.36,0.02482471,315.493
2024,12,4.39,0.01470992,315.605
2025,1,4.63,-0.00417916,317.671
2025,2,4.45,0.0109513,319.082
2025,3,4.28,-0.05768821,319.799
2025,4,4.28,-0.05420648,320.795
2025,5,4.42,0.08340377,321.465
2025,6,4.38,0.03880243,322.561
2025,7,4.39,0.04527796,323.048
2025,8,4.26,0.01889303,323.976
2025,9,4.12,0.02833671,324.8
2025,10,4.06,0.02403434,325.212
2025,11,4.09,0.00175065,324.122
2025,12,4.14,0.0176188,324.054
2026,1,4.21,0.01207448,325.252
2026,2,4.13,-0.00413358,326.785
2026,3,4.25,-0.0337535,330.213
2026,4,4.32,0.046481,333.02
2026,5,4.48,0.06644781,335.123
2026,6,4.47,0.00596742,333.952
